region,quarter,product,revenue,units
North,Q1,Core,98000,640
North,Q1,Pro,61000,210
South,Q1,Core,72000,480
South,Q1,Pro,38000,130
West,Q1,Core,121000,790
West,Q1,Pro,77000,260
North,Q2,Core,104000,675
North,Q2,Pro,66000,228
South,Q2,Core,75000,500
South,Q2,Pro,41000,140
West,Q2,Core,126000,820
West,Q2,Pro,84000,285
North,Q3,Core,109000,700
North,Q3,Pro,72000,245
South,Q3,Core,79000,515
South,Q3,Pro,45000,152
West,Q3,Core,131000,850
West,Q3,Pro,90000,302
North,Q4,Core,121000,770
North,Q4,Pro,84000,281
South,Q4,Core,86000,560
South,Q4,Pro,52000,176
West,Q4,Core,142000,915
West,Q4,Pro,104000,349
