month,region,tickets,csat,first_response_hours,resolution_hours,escalations
Jan,North,520,0.86,4.2,26,18
Jan,South,340,0.88,3.8,24,9
Jan,West,410,0.90,3.5,22,11
Feb,North,505,0.87,4.0,25,16
Feb,South,335,0.89,3.6,23,8
Feb,West,420,0.91,3.2,21,10
Mar,North,515,0.88,3.7,23,14
Mar,South,345,0.90,3.3,22,7
Mar,West,430,0.92,2.9,19,9
Apr,North,500,0.90,3.4,21,12
Apr,South,350,0.91,3.0,20,6
Apr,West,440,0.93,2.7,18,8
May,North,495,0.91,3.1,19,10
May,South,355,0.92,2.8,18,5
May,West,450,0.94,2.5,16,7
Jun,North,490,0.92,2.9,18,9
Jun,South,360,0.93,2.6,17,5
Jun,West,460,0.95,2.3,15,6
